"year","Lakes","height"
1918,"Erie",174.015
1918,"michHuron",176.886666666667
1918,"Ontario",74.8725
1918,"StClair",174.956666666667
1919,"Erie",174.180833333333
1919,"michHuron",176.745
1919,"Ontario",74.9558333333333
1919,"StClair",175.076666666667
1920,"Erie",173.908333333333
1920,"michHuron",176.625
1920,"Ontario",74.5675
1920,"StClair",174.815
1921,"Erie",174.025833333333
1921,"michHuron",176.488333333333
1921,"Ontario",74.6658333333333
1921,"StClair",174.869166666667
1922,"Erie",173.9275
1922,"michHuron",176.445
1922,"Ontario",74.6566666666667
1922,"StClair",174.810833333333
1923,"Erie",173.7575
1923,"michHuron",176.264166666667
1923,"Ontario",74.4433333333333
1923,"StClair",174.6525
1924,"Erie",173.843333333333
1924,"michHuron",176.186666666667
1924,"Ontario",74.5575
1924,"StClair",174.6375
1925,"Erie",173.593333333333
1925,"michHuron",175.919166666667
1925,"Ontario",74.39
1925,"StClair",174.405833333333
1926,"Erie",173.640833333333
1926,"michHuron",175.885
1926,"Ontario",74.4025
1926,"StClair",174.401666666667
1927,"Erie",173.818333333333
1927,"michHuron",176.148333333333
1927,"Ontario",74.6066666666667
1927,"StClair",174.598333333333
1928,"Erie",173.951666666667
1928,"michHuron",176.443333333333
1928,"Ontario",74.8008333333333
1928,"StClair",174.805
1929,"Erie",174.311666666667
1929,"michHuron",176.895833333333
1929,"Ontario",75.085
1929,"StClair",175.264166666667
1930,"Erie",174.27
1930,"michHuron",176.650833333333
1930,"Ontario",75.0808333333333
1930,"StClair",175.095
1931,"Erie",173.705
1931,"michHuron",176.118333333333
1931,"Ontario",74.3575
1931,"StClair",174.508333333333
1932,"Erie",173.735833333333
1932,"michHuron",175.940833333333
1932,"Ontario",74.5025
1932,"StClair",174.565833333333
1933,"Erie",173.676666666667
1933,"michHuron",175.8675
1933,"Ontario",74.2758333333333
1933,"StClair",174.546666666667
1934,"Erie",173.331666666667
1934,"michHuron",175.766666666667
1934,"Ontario",74.0216666666667
1934,"StClair",174.274166666667
1935,"Erie",173.410833333333
1935,"michHuron",175.890833333333
1935,"Ontario",74.0041666666667
1935,"StClair",174.360833333333
1936,"Erie",173.488333333333
1936,"michHuron",175.939166666667
1936,"Ontario",74.1641666666667
1936,"StClair",174.393333333333
1937,"Erie",173.82
1937,"michHuron",175.9225
1937,"Ontario",74.4958333333333
1937,"StClair",174.603333333333
1938,"Erie",173.840833333333
1938,"michHuron",176.140833333333
1938,"Ontario",74.5225
1938,"StClair",174.689166666667
1939,"Erie",173.845833333333
1939,"michHuron",176.269166666667
1939,"Ontario",74.4925
1939,"StClair",174.720833333333
1940,"Erie",173.795
1940,"michHuron",176.141666666667
1940,"Ontario",74.4258333333333
1940,"StClair",174.645
1941,"Erie",173.7
1941,"michHuron",176.121666666667
1941,"Ontario",74.4075
1941,"StClair",174.581666666667
1942,"Erie",173.876666666667
1942,"michHuron",176.334166666667
1942,"Ontario",74.5166666666667
1942,"StClair",174.7675
1943,"Erie",174.231666666667
1943,"michHuron",176.626666666667
1943,"Ontario",75.1341666666667
1943,"StClair",175.1125
1944,"Erie",174.091666666667
1944,"michHuron",176.596666666667
1944,"Ontario",74.8458333333333
1944,"StClair",174.981666666667
1945,"Erie",174.188333333333
1945,"michHuron",176.57
1945,"Ontario",75.06
1945,"StClair",175.089166666667
1946,"Erie",174.135833333333
1946,"michHuron",176.601666666667
1946,"Ontario",74.9933333333333
1946,"StClair",175.038333333333
1947,"Erie",174.235
1947,"michHuron",176.566666666667
1947,"Ontario",75.1691666666667
1947,"StClair",175.104166666667
1948,"Erie",174.220833333333
1948,"michHuron",176.530833333333
1948,"Ontario",75.0808333333333
1948,"StClair",175.0975
1949,"Erie",173.973333333333
1949,"michHuron",176.210833333333
1949,"Ontario",74.7408333333333
1949,"StClair",174.831666666667
1950,"Erie",174.135
1950,"michHuron",176.260833333333
1950,"Ontario",74.8916666666667
1950,"StClair",174.93
1951,"Erie",174.324166666667
1951,"michHuron",176.735833333333
1951,"Ontario",75.2466666666667
1951,"StClair",175.240833333333
1952,"Erie",174.52
1952,"michHuron",177.085
1952,"Ontario",75.3658333333333
1952,"StClair",175.499166666667
1953,"Erie",174.330833333333
1953,"michHuron",176.933333333333
1953,"Ontario",75.015
1953,"StClair",175.323333333333
1954,"Erie",174.288333333333
1954,"michHuron",176.829166666667
1954,"Ontario",74.9816666666667
1954,"StClair",175.235
1955,"Erie",174.348333333333
1955,"michHuron",176.7225
1955,"Ontario",75.1458333333333
1955,"StClair",175.251666666667
1956,"Erie",174.12
1956,"michHuron",176.44
1956,"Ontario",74.9216666666667
1956,"StClair",174.939166666667
1957,"Erie",174.036666666667
1957,"michHuron",176.263333333333
1957,"Ontario",74.6333333333333
1957,"StClair",174.88
1958,"Erie",173.808333333333
1958,"michHuron",176.0675
1958,"Ontario",74.4283333333333
1958,"StClair",174.629166666667
1959,"Erie",173.85
1959,"michHuron",176.005833333333
1959,"Ontario",74.475
1959,"StClair",174.656666666667
1960,"Erie",174.094166666667
1960,"michHuron",176.4775
1960,"Ontario",74.7125
1960,"StClair",174.99
1961,"Erie",174.100833333333
1961,"michHuron",176.376666666667
1961,"Ontario",74.6133333333333
1961,"StClair",174.963333333333
1962,"Erie",173.9075
1962,"michHuron",176.2225
1962,"Ontario",74.6416666666667
1962,"StClair",174.77
1963,"Erie",173.726666666667
1963,"michHuron",175.9225
1963,"Ontario",74.655
1963,"StClair",174.56
1964,"Erie",173.6075
1964,"michHuron",175.6825
1964,"Ontario",74.2866666666667
1964,"StClair",174.365
1965,"Erie",173.7125
1965,"michHuron",175.915833333333
1965,"Ontario",74.3958333333333
1965,"StClair",174.533333333333
1966,"Erie",173.899166666667
1966,"michHuron",176.160833333333
1966,"Ontario",74.69
1966,"StClair",174.756666666667
1967,"Erie",174.059166666667
1967,"michHuron",176.300833333333
1967,"Ontario",74.8583333333333
1967,"StClair",174.925
1968,"Erie",174.204166666667
1968,"michHuron",176.446666666667
1968,"Ontario",74.7991666666667
1968,"StClair",175.060833333333
1969,"Erie",174.39
1969,"michHuron",176.695833333333
1969,"Ontario",74.7491666666667
1969,"StClair",175.261666666667
1970,"Erie",174.258333333333
1970,"michHuron",176.678333333333
1970,"Ontario",74.6858333333333
1970,"StClair",175.15
1971,"Erie",174.311666666667
1971,"michHuron",176.805
1971,"Ontario",74.7233333333333
1971,"StClair",175.269166666667
1972,"Erie",174.5
1972,"michHuron",176.888333333333
1972,"Ontario",74.935
1972,"StClair",175.420833333333
1973,"Erie",174.740833333333
1973,"michHuron",177.123333333333
1973,"Ontario",75.21
1973,"StClair",175.65
1974,"Erie",174.689166666667
1974,"michHuron",177.093333333333
1974,"Ontario",75.0658333333333
1974,"StClair",175.613333333333
1975,"Erie",174.615833333333
1975,"michHuron",176.973333333333
1975,"Ontario",74.81
1975,"StClair",175.515833333333
1976,"Erie",174.573333333333
1976,"michHuron",176.899166666667
1976,"Ontario",75.0441666666667
1976,"StClair",175.478333333333
1977,"Erie",174.2975
1977,"michHuron",176.505
1977,"Ontario",74.7583333333333
1977,"StClair",175.199166666667
1978,"Erie",174.3725
1978,"michHuron",176.590833333333
1978,"Ontario",74.9208333333333
1978,"StClair",175.270833333333
1979,"Erie",174.391666666667
1979,"michHuron",176.794166666667
1979,"Ontario",74.84
1979,"StClair",175.355833333333
1980,"Erie",174.521666666667
1980,"michHuron",176.803333333333
1980,"Ontario",74.8233333333333
1980,"StClair",175.4075
1981,"Erie",174.398333333333
1981,"michHuron",176.698333333333
1981,"Ontario",74.7858333333333
1981,"StClair",175.295833333333
1982,"Erie",174.425
1982,"michHuron",176.598333333333
1982,"Ontario",74.7525
1982,"StClair",175.299166666667
1983,"Erie",174.520833333333
1983,"michHuron",176.833333333333
1983,"Ontario",74.8216666666667
1983,"StClair",175.433333333333
1984,"Erie",174.5225
1984,"michHuron",176.895
1984,"Ontario",74.9016666666667
1984,"StClair",175.435
1985,"Erie",174.728333333333
1985,"michHuron",177.126666666667
1985,"Ontario",74.8775
1985,"StClair",175.7
1986,"Erie",174.898333333333
1986,"michHuron",177.2925
1986,"Ontario",75.1475
1986,"StClair",175.851666666667
1987,"Erie",174.6675
1987,"michHuron",176.97
1987,"Ontario",74.8491666666667
1987,"StClair",175.560833333333
1988,"Erie",174.261666666667
1988,"michHuron",176.564166666667
1988,"Ontario",74.68
1988,"StClair",175.193333333333
1989,"Erie",174.225833333333
1989,"michHuron",176.400833333333
1989,"Ontario",74.7608333333333
1989,"StClair",175.109166666667
1990,"Erie",174.294166666667
1990,"michHuron",176.35
1990,"Ontario",74.8041666666667
1990,"StClair",175.130833333333
1991,"Erie",174.326666666667
1991,"michHuron",176.469166666667
1991,"Ontario",74.87
1991,"StClair",175.1975
1992,"Erie",174.356666666667
1992,"michHuron",176.479166666667
1992,"Ontario",74.8325
1992,"StClair",175.22
1993,"Erie",174.504166666667
1993,"michHuron",176.695833333333
1993,"Ontario",75.0425
1993,"StClair",175.380833333333
1994,"Erie",174.366666666667
1994,"michHuron",176.678333333333
1994,"Ontario",74.755
1994,"StClair",175.29
1995,"Erie",174.284166666667
1995,"michHuron",176.5275
1995,"Ontario",74.7391666666667
1995,"StClair",175.183333333333
1996,"Erie",174.375
1996,"michHuron",176.654166666667
1996,"Ontario",74.8733333333333
1996,"StClair",175.246666666667
1997,"Erie",174.7175
1997,"michHuron",176.984166666667
1997,"Ontario",74.9625
1997,"StClair",175.6125
1998,"Erie",174.550833333333
1998,"michHuron",176.716666666667
1998,"Ontario",74.91
1998,"StClair",175.3975
1999,"Erie",174.1025
1999,"michHuron",176.235833333333
1999,"Ontario",74.5725
1999,"StClair",174.975833333333
2000,"Erie",173.99
2000,"michHuron",175.978333333333
2000,"Ontario",74.78
2000,"StClair",174.7925
2001,"Erie",173.914166666667
2001,"michHuron",175.950833333333
2001,"Ontario",74.6991666666667
2001,"StClair",174.761666666667
2002,"Erie",174.058333333333
2002,"michHuron",176.118333333333
2002,"Ontario",74.79
2002,"StClair",174.883333333333
2003,"Erie",173.965833333333
2003,"michHuron",175.891666666667
2003,"Ontario",74.7133333333333
2003,"StClair",174.7375
2004,"Erie",174.115833333333
2004,"michHuron",176.110833333333
2004,"Ontario",74.8483333333333
2004,"StClair",174.916666666667
2005,"Erie",174.17
2005,"michHuron",176.09
2005,"Ontario",74.8216666666667
2005,"StClair",174.938333333333
2006,"Erie",174.146666666667
2006,"michHuron",176.015833333333
2006,"Ontario",74.8308333333333
2006,"StClair",174.891666666667
2007,"Erie",174.139166666667
2007,"michHuron",175.943333333333
2007,"Ontario",74.7516666666667
2007,"StClair",174.848333333333
2008,"Erie",174.159166666667
2008,"michHuron",176.005
2008,"Ontario",74.875
2008,"StClair",174.92
2009,"Erie",174.248333333333
2009,"michHuron",176.258333333333
2009,"Ontario",74.8733333333333
2009,"StClair",175.076666666667
